{
  "arquitectura": {
    "n_inputs": 2,
    "n_hidden": 4,
    "n_outputs": 2,
    "lr": 0.5
  },
  "pesos": {
    "w1": [
      [
        6.2633422719796155,
        -6.465084495794491
      ],
      [
        0.010737210267825491,
        0.5892069912554541
      ],
      [
        1.9904941421595104,
        -1.9508485505943811
      ],
      [
        6.95942783200052,
        -6.774233191807065
      ]
    ],
    "b1": [
      -3.03404426815677,
      -0.20223292984092758,
      -1.1422818315026628,
      3.05956560264569
    ],
    "w2": [
      [
        -8.090221771354937,
        -1.441880457493311,
        -1.3695349057728239,
        7.760287331966396
      ],
      [
        7.675476631076102,
        1.08003028038049,
        2.2883373580203052,
        -7.925257178467
      ]
    ],
    "b2": [
      -3.8082017299810915,
      3.9494114353658585
    ]
  }
}